Модель,"MAE, TRY","RMSE, TRY","MAPE, %",R²,"Медианная ошибка, TRY","Обучение, сек",Предупреждение
XGBoost,243006.2447216375,1208425.6942320615,40.079924029005596,0.342786233221234,61565.9296875,0.4669707999999986,Нет
Random Forest,265985.6016828885,1550575.2787772764,38.891984346258376,-0.08206278688151047,57693.1985,5.959693899999998,Нет
CatBoost,268463.43775164307,1385646.2468315172,45.42925869520639,0.13588510786679409,77455.3988232362,7.1830235999999985,Нет
Gradient Boosting,283882.3841754975,1448023.322094494,53.454990106003706,0.05633496494745549,84123.03360704354,1.5472983999999954,Нет
LightGBM,291204.35543442273,1382397.686586789,49.16643414248905,0.13993208410344726,68331.42745574366,0.12431490000000167,Нет
Decision Tree,296572.34896875557,1471612.7285091225,44.236331922104796,0.02533847759773533,70000.0,0.9832437999999968,Нет
KNN,316315.34829053335,2047177.00627912,50.25339559654102,-0.8861556990243595,73800.0,0.00135670000000232,Нет
SVR,336002.76084021694,1510885.7966969095,52.12808535824431,-0.027377445952565083,100511.57616213863,4.895990999999995,Нет
ElasticNet,444690.1531781918,1382170.2960513968,125.96481108266873,0.14021500590085667,265982.5346827755,0.17356709999999964,Нет
MLP,493572.33350491093,1568165.9485872218,89.28024834562888,-0.10675320635016505,242429.49557027122,22.735500000000002,Да
Ridge,582328.6199234554,1897038.684818049,166.81526051579203,-0.6196423523040564,296433.6827096231,0.061093199999998404,Нет
Lasso,588070.6093915636,2067630.6494957053,164.14755061682342,-0.9240336925535408,288696.3216313699,11.3053138,Да
Linear Regression,588560.2652821627,2067805.0308536256,164.3553259800673,-0.9243582473830558,288975.20763334027,0.17551500000000075,Нет
