Тип жилья,Объявлений validation,"Общая MAE, TRY","Специализированная MAE, TRY",Общая R²,Специализированная R²
Daire,36541,109153.1339644729,100434.51369062116,0.5107695380016848,0.4957564481570882
Villa,2806,922231.6864424448,963998.0822267991,0.39540818214158524,0.40804492722957375
Müstakil Ev,1213,397770.2176310993,464694.8777399301,0.21774027886098113,0.03308261558404091
Yazlık,853,166861.98387263704,157492.38573783706,0.632356402850025,0.20866009940804853
Rezidans,620,913125.5655079032,1025920.6965587124,0.6568385816616221,0.5438559970857165
Komple Bina,400,1636840.2373675,3690004.6733843456,-0.28389535619510253,-21.65629309947038
Prefabrik Ev,97,77112.36800298003,77112.36800298003,-1.9274053690379822,-1.9274053690379822
Çiftlik Evi,54,3691465.4997106483,3691465.4997106483,0.16313012739080301,0.16313012739080301
Köşk / Konak / Yalı,53,11493170.591981132,11493170.591981132,0.2133848066371853,0.2133848066371853
Yalı Dairesi,11,1879959.8352272727,1879959.8352272727,0.37655801592537796,0.37655801592537796
Kooperatif,6,799990.0208333334,799990.0208333334,-39.101555870475686,-39.101555870475686
Loft,3,1234916.7552083333,1234916.7552083333,-2.4882485289973557,-2.4882485289973557
