Диапазон train,Строк train,"Доля train, %",Оценка на,Строк validation,"MAE, TRY","RMSE, TRY","MAPE, %",R²,"Медианная ошибка, TRY","Обучение, сек"
Весь train,200398,100.0,Вся validation,42657,217249.0001354731,1651181.4521569342,39.13867964038522,0.39984482729353543,62063.421875,4.187740599999998
Весь train,200398,100.0,Средний сегмент P10–P90,34294,97583.8186999215,299716.9163034081,30.30503842857113,-3.461456431081409,55018.640625,4.187740599999998
Весь train,200398,100.0,Дороже P90,4146,1339314.128671243,5216480.811385024,43.94922822540898,0.34842804590383436,406688.640625,4.187740599999998
До P99,198394,98.99999001986048,Вся validation,42657,219678.05033147938,2004580.8181140027,32.249767777888074,0.11545263904194858,56508.828125,3.8739829999999955
До P99,198394,98.99999001986048,Средний сегмент P10–P90,34294,78962.15804885897,124631.45017023294,25.446156455723855,0.22854705435358502,50365.921875,3.8739829999999955
До P99,198394,98.99999001986048,Дороже P90,4146,1536015.1354732546,6418822.353987429,36.38668970918311,0.013452803100751365,376675.59375,3.8739829999999955
До P95,190485,95.05334384574697,Вся validation,42657,240268.2121340089,2088540.6372878684,29.519214933156668,0.03980418157620369,52718.8125,3.6517768000000004
До P95,190485,95.05334384574697,Средний сегмент P10–P90,34294,66950.58092712684,94189.47811204485,22.16414815355039,0.5593853569762144,46790.328125,3.6517768000000004
До P95,190485,95.05334384574697,Дороже P90,4146,1855481.0558627865,6693093.470272574,45.94599612748732,-0.07265715555918661,511979.921875,3.6517768000000004
До P90,181330,90.48493497939101,Вся validation,42657,254456.24921969726,2109808.925292179,28.57075900467442,0.020148637075920517,50858.953125,3.650712999999996
До P90,181330,90.48493497939101,Средний сегмент P10–P90,34294,63303.55330754506,88740.56450091948,20.53776062760494,0.6088903613242143,45173.171875,3.650712999999996
До P90,181330,90.48493497939101,Дороже P90,4146,2037461.287497947,6762149.11201282,58.117498728316185,-0.09490550779632345,673387.265625,3.650712999999996
До P75,150589,75.14496152656214,Вся validation,42657,286164.4871859968,2135901.3349749944,29.759331157624825,-0.004237246315490939,51038.53125,2.9643945000000045
До P75,150589,75.14496152656214,Средний сегмент P10–P90,34294,77944.27899648008,118901.0149821618,21.25146456986581,0.2978574878039203,45167.1015625,2.9643945000000045
До P75,150589,75.14496152656214,Дороже P90,4146,2250053.065985495,6842278.889018315,73.67265280153855,-0.12100796394503632,876984.875,2.9643945000000045
Центр P10–P90,161698,80.68843002425174,Вся validation,42657,257551.97264702423,2110534.7116576717,33.345310372562295,0.019474372148015506,55985.375,3.236128099999995
Центр P10–P90,161698,80.68843002425174,Средний сегмент P10–P90,34294,63543.57034252895,87796.76567097363,21.238143679613835,0.6171654019361688,45728.34375,3.236128099999995
Центр P10–P90,161698,80.68843002425174,Дороже P90,4146,2033052.436382037,6764138.181833623,57.71162835586197,-0.09554973014925006,662429.375,3.236128099999995
