rate_date,currency,try_per_unit
2018-08-27,EUR,7.1875
2018-08-28,EUR,7.2744
2018-08-29,EUR,7.4735
2018-08-31,EUR,7.6428
2018-09-03,EUR,7.6868
2018-09-04,EUR,7.7252
2018-09-05,EUR,7.7336
2018-09-06,EUR,7.6573
2018-09-07,EUR,7.5259
2018-09-10,EUR,7.4635
2018-09-11,EUR,7.4899
2018-09-12,EUR,7.4085
2018-09-13,EUR,7.3855
2018-09-14,EUR,7.0988
2018-09-17,EUR,7.2946
2018-09-18,EUR,7.4387
2018-09-19,EUR,7.3766
2018-09-20,EUR,7.3437
2018-09-21,EUR,7.3794
2018-09-24,EUR,7.3234
2018-09-25,EUR,7.2057
2018-09-26,EUR,7.2007
2018-09-27,EUR,7.113
2018-09-28,EUR,6.9505
2018-10-01,EUR,6.9213
2018-10-02,EUR,6.9255
2018-10-03,EUR,6.9741
2018-10-04,EUR,7.0388
2018-10-05,EUR,7.0786
2018-10-08,EUR,7.0624
2018-10-09,EUR,7.0088
2018-10-10,EUR,6.9994
2018-10-11,EUR,6.9147
2018-10-12,EUR,6.8404
2018-10-15,EUR,6.7288
2018-10-16,EUR,6.6943
2018-10-17,EUR,6.5678
2018-10-18,EUR,6.39
2018-10-19,EUR,6.4316
2018-10-22,EUR,6.5039
2018-10-23,EUR,6.6206
2018-10-24,EUR,6.5295
2018-10-25,EUR,6.4795
2018-10-26,EUR,6.3835
2018-10-30,EUR,6.2734
2018-10-31,EUR,6.2373
2018-11-01,EUR,6.3351
2018-11-02,EUR,6.246
2018-11-05,EUR,6.1996
2018-11-06,EUR,6.0954
2018-11-07,EUR,6.1463
2018-11-08,EUR,6.1806
2018-11-09,EUR,6.2174
2018-11-12,EUR,6.1672
2018-11-13,EUR,6.1575
2018-11-14,EUR,6.1622
2018-11-15,EUR,6.131
2018-11-16,EUR,6.0565
2018-11-19,EUR,6.0775
2018-11-20,EUR,6.0935
2018-11-21,EUR,6.0935
2018-11-22,EUR,6.0497
2018-11-23,EUR,6.0042
2018-11-26,EUR,5.9604
2018-11-27,EUR,5.9259
2018-11-28,EUR,5.9233
2018-11-29,EUR,5.8737
2018-11-30,EUR,5.8679
2018-12-03,EUR,5.895
2018-12-04,EUR,6.0068
2018-12-05,EUR,6.0929
2018-12-06,EUR,6.0759
2018-12-07,EUR,6.0572
2018-12-10,EUR,6.0289
2018-12-11,EUR,6.088
2018-12-12,EUR,6.0764
2018-12-13,EUR,6.0997
2018-12-14,EUR,6.0755
2018-12-17,EUR,6.091
2018-12-18,EUR,6.0839
2018-12-19,EUR,6.0764
2018-12-20,EUR,6.0206
2018-12-21,EUR,6.0342
2018-12-24,EUR,6.0291
2018-12-25,EUR,6.0419
2018-12-26,EUR,6.0185
2018-12-27,EUR,6.0245
2018-12-28,EUR,6.028
2018-12-31,EUR,6.0422
2019-01-02,EUR,6.1061
2019-01-03,EUR,6.2057
2019-01-04,EUR,6.1687
2019-01-07,EUR,6.1285
2019-01-08,EUR,6.2134
2019-01-09,EUR,6.2999
2019-01-10,EUR,6.3007
2019-01-11,EUR,6.2525
2019-01-14,EUR,6.321
2019-01-15,EUR,6.2291
2019-01-16,EUR,6.1605
2019-01-17,EUR,6.103
2019-01-18,EUR,6.0908
2019-01-21,EUR,6.0714
2019-01-22,EUR,6.0716
2019-01-23,EUR,6.0386
2019-01-24,EUR,5.9905
2019-01-25,EUR,5.9654
2019-01-28,EUR,6.019
2019-01-29,EUR,6.101
2019-01-30,EUR,6.0339
2019-01-31,EUR,5.9871
2019-02-01,EUR,5.9515
2019-02-04,EUR,5.9743
2019-02-05,EUR,5.9371
2019-02-06,EUR,5.9328
2019-02-07,EUR,5.9468
2019-02-08,EUR,5.9447
2019-02-11,EUR,5.946
2019-02-12,EUR,5.9377
2019-02-13,EUR,5.9374
2019-02-14,EUR,5.9591
2019-02-15,EUR,5.9335
2019-02-18,EUR,5.9886
2019-02-19,EUR,5.9958
2019-02-20,EUR,6.0072
2019-02-21,EUR,6.0263
2019-02-22,EUR,6.0318
2019-02-25,EUR,6.0244
2019-02-26,EUR,6.0141
2019-02-27,EUR,6.0257
2018-08-27,GBP,7.9377
2018-08-28,GBP,8.008
2018-08-29,GBP,8.2341
2018-08-31,GBP,8.5062
2018-09-03,GBP,8.5226
2018-09-04,GBP,8.5562
2018-09-05,GBP,8.5518
2018-09-06,GBP,8.4999
2018-09-07,GBP,8.3732
2018-09-10,GBP,8.3317
2018-09-11,GBP,8.3997
2018-09-12,GBP,8.3065
2018-09-13,GBP,8.2792
2018-09-14,GBP,7.9442
2018-09-17,GBP,8.1875
2018-09-18,GBP,8.3474
2018-09-19,GBP,8.2946
2018-09-20,GBP,8.2689
2018-09-21,GBP,8.261
2018-09-24,GBP,8.1565
2018-09-25,GBP,8.036
2018-09-26,GBP,8.047
2018-09-27,GBP,7.9631
2018-09-28,GBP,7.8079
2018-10-01,GBP,7.7678
2018-10-02,GBP,7.7814
2018-10-03,GBP,7.8226
2018-10-04,GBP,7.9306
2018-10-05,GBP,8.0127
2018-10-08,GBP,8.0181
2018-10-09,GBP,7.9702
2018-10-10,GBP,7.9977
2018-10-11,GBP,7.8854
2018-10-12,GBP,7.7951
2018-10-15,GBP,7.6255
2018-10-16,GBP,7.6153
2018-10-17,GBP,7.4573
2018-10-18,GBP,7.2651
2018-10-19,GBP,7.3018
2018-10-22,GBP,7.356
2018-10-23,GBP,7.486
2018-10-24,GBP,7.3822
2018-10-25,GBP,7.3153
2018-10-26,GBP,7.1814
2018-10-30,GBP,7.036
2018-10-31,GBP,6.9924
2018-11-01,GBP,7.1683
2018-11-02,GBP,7.0996
2018-11-05,GBP,7.0721
2018-11-06,GBP,6.9648
2018-11-07,GBP,7.0328
2018-11-08,GBP,7.0852
2018-11-09,GBP,7.1235
2018-11-12,GBP,7.0305
2018-11-13,GBP,7.0531
2018-11-14,GBP,7.0694
2018-11-15,GBP,6.9676
2018-11-16,GBP,6.8265
2018-11-19,GBP,6.8286
2018-11-20,GBP,6.8347
2018-11-21,GBP,6.8332
2018-11-22,GBP,6.7883
2018-11-23,GBP,6.769
2018-11-26,GBP,6.7206
2018-11-27,GBP,6.6695
2018-11-28,GBP,6.691
2018-11-29,GBP,6.5977
2018-11-30,GBP,6.5757
2018-12-03,GBP,6.6181
2018-12-04,GBP,6.7282
2018-12-05,GBP,6.8299
2018-12-06,GBP,6.8118
2018-12-07,GBP,6.7848
2018-12-10,GBP,6.7015
2018-12-11,GBP,6.7289
2018-12-12,GBP,6.7071
2018-12-13,GBP,6.7728
2018-12-14,GBP,6.7506
2018-12-17,GBP,6.7651
2018-12-18,GBP,6.7571
2018-12-19,GBP,6.7362
2018-12-20,GBP,6.6558
2018-12-21,GBP,6.6718
2018-12-24,GBP,6.6877
2018-12-25,GBP,6.7245
2018-12-26,GBP,6.6954
2018-12-27,GBP,6.6761
2018-12-28,GBP,6.6528
2018-12-31,GBP,6.7135
2019-01-02,GBP,6.7643
2019-01-03,GBP,6.8468
2019-01-04,GBP,6.837
2019-01-07,GBP,6.8184
2019-01-08,GBP,6.9168
2019-01-09,GBP,6.9928
2019-01-10,GBP,6.9572
2019-01-11,GBP,6.9175
2019-01-14,GBP,7.0653
2019-01-15,GBP,6.991
2019-01-16,GBP,6.9369
2019-01-17,GBP,6.8845
2019-01-18,GBP,6.9066
2019-01-21,GBP,6.8515
2019-01-22,GBP,6.8801
2019-01-23,GBP,6.8894
2019-01-24,GBP,6.8675
2019-01-25,GBP,6.88
2019-01-28,GBP,6.9342
2019-01-29,GBP,7.0069
2019-01-30,GBP,6.9005
2019-01-31,GBP,6.8298
2019-02-01,GBP,6.7833
2019-02-04,GBP,6.8093
2019-02-05,GBP,6.7603
2019-02-06,GBP,6.7367
2019-02-07,GBP,6.7543
2019-02-08,GBP,6.7775
2019-02-11,GBP,6.7754
2019-02-12,GBP,6.7561
2019-02-13,GBP,6.7552
2019-02-14,GBP,6.7763
2019-02-15,GBP,6.7268
2019-02-18,GBP,6.8256
2019-02-19,GBP,6.8408
2019-02-20,GBP,6.8926
2019-02-21,GBP,6.9272
2019-02-22,GBP,6.9147
2019-02-25,GBP,6.9264
2019-02-26,GBP,6.9628
2019-02-27,GBP,7.0133
2018-08-27,USD,6.1901
2018-08-28,USD,6.2186
2018-08-29,USD,6.4063
2018-08-31,USD,6.5498
2018-09-03,USD,6.6213
2018-09-04,USD,6.6797
2018-09-05,USD,6.6824
2018-09-06,USD,6.5863
2018-09-07,USD,6.469
2018-09-10,USD,6.4533
2018-09-11,USD,6.4538
2018-09-12,USD,6.3945
2018-09-13,USD,6.3566
2018-09-14,USD,6.0659
2018-09-17,USD,6.2608
2018-09-18,USD,6.3635
2018-09-19,USD,6.3095
2018-09-20,USD,6.2718
2018-09-21,USD,6.2671
2018-09-24,USD,6.2287
2018-09-25,USD,6.124
2018-09-26,USD,6.1242
2018-09-27,USD,6.0752
2018-09-28,USD,5.9902
2018-10-01,USD,5.9659
2018-10-02,USD,6.0082
2018-10-03,USD,6.0289
2018-10-04,USD,6.1244
2018-10-05,USD,6.1543
2018-10-08,USD,6.1516
2018-10-09,USD,6.1156
2018-10-10,USD,6.0885
2018-10-11,USD,5.9833
2018-10-12,USD,5.9042
2018-10-15,USD,5.8113
2018-10-16,USD,5.7794
2018-10-17,USD,5.6825
2018-10-18,USD,5.5498
2018-10-19,USD,5.6134
2018-10-22,USD,5.6481
2018-10-23,USD,5.771
2018-10-24,USD,5.717
2018-10-25,USD,5.6797
2018-10-26,USD,5.6186
2018-10-30,USD,5.5203
2018-10-31,USD,5.4981
2018-11-01,USD,5.5704
2018-11-02,USD,5.4613
2018-11-05,USD,5.447
2018-11-06,USD,5.3418
2018-11-07,USD,5.3575
2018-11-08,USD,5.4095
2018-11-09,USD,5.4819
2018-11-12,USD,5.4764
2018-11-13,USD,5.477
2018-11-14,USD,5.4625
2018-11-15,USD,5.4177
2018-11-16,USD,5.3412
2018-11-19,USD,5.3231
2018-11-20,USD,5.3272
2018-11-21,USD,5.3497
2018-11-22,USD,5.3029
2018-11-23,USD,5.2771
2018-11-26,USD,5.2444
2018-11-27,USD,5.2366
2018-11-28,USD,5.2486
2018-11-29,USD,5.1649
2018-11-30,USD,5.157
2018-12-03,USD,5.1906
2018-12-04,USD,5.2723
2018-12-05,USD,5.3733
2018-12-06,USD,5.3608
2018-12-07,USD,5.3257
2018-12-10,USD,5.281
2018-12-11,USD,5.3505
2018-12-12,USD,5.3633
2018-12-13,USD,5.3611
2018-12-14,USD,5.371
2018-12-17,USD,5.3766
2018-12-18,USD,5.3504
2018-12-19,USD,5.3314
2018-12-20,USD,5.26
2018-12-21,USD,5.2746
2018-12-24,USD,5.2926
2018-12-25,USD,5.3034
2018-12-26,USD,5.2832
2018-12-27,USD,5.2889
2018-12-28,USD,5.2609
2018-12-31,USD,5.281
2019-01-02,USD,5.3316
2019-01-03,USD,5.4588
2019-01-04,USD,5.4088
2019-01-07,USD,5.3597
2019-01-08,USD,5.4264
2019-01-09,USD,5.4973
2019-01-10,USD,5.4626
2019-01-11,USD,5.4242
2019-01-14,USD,5.5103
2019-01-15,USD,5.4401
2019-01-16,USD,5.4037
2019-01-17,USD,5.3563
2019-01-18,USD,5.3429
2019-01-21,USD,5.3369
2019-01-22,USD,5.3454
2019-01-23,USD,5.3142
2019-01-24,USD,5.274
2019-01-25,USD,5.2641
2019-01-28,USD,5.2763
2019-01-29,USD,5.3339
2019-01-30,USD,5.2781
2019-01-31,USD,5.2109
2019-02-01,USD,5.1945
2019-02-04,USD,5.2194
2019-02-05,USD,5.1979
2019-02-06,USD,5.2089
2019-02-07,USD,5.2407
2019-02-08,USD,5.2438
2019-02-11,USD,5.2556
2019-02-12,USD,5.2638
2019-02-13,USD,5.2429
2019-02-14,USD,5.2867
2019-02-15,USD,5.2601
2019-02-18,USD,5.2922
2019-02-19,USD,5.3052
2019-02-20,USD,5.2964
2019-02-21,USD,5.3141
2019-02-22,USD,5.3168
2019-02-25,USD,5.3058
2019-02-26,USD,5.2949
2019-02-27,USD,5.2905
